league,win_odds_s,win_odds_k,draw_odds_s,draw_odds_k,lose_odds_s,lose_odds_k,odds_delta_time_s,odds_delta_time_k
PremierLeague,2.7241371002440977,9.447139163793548,2.085317609235925,5.4669221234445615,2.185715326020267,5.8049508094045645,4.282902505032208,32.76431201100335
Serie-A,1.8621183649715531,4.378311810449681,2.1166908858014724,4.919766167468914,2.076095463827684,4.9820844524490875,3.4316991202426608,14.022231526291751
MLS,1.4817353129706665,3.401499139126961,2.387434298553709,8.284031895250164,1.246176283307043,1.2721554616603328,5.493279274125827,59.68522787385578
LaLiga,2.6200882400189665,8.42739236320615,2.574826832661918,7.258015445146002,2.5463321652226187,7.494936029910848,2.9514040485042075,9.599864910539434
Bundesliga,4.107041450367066,24.66749426642256,2.6136720984509023,8.419680607276451,2.739074427813332,10.074033890341923,4.361091175608292,27.893064147188174
Ligue1,3.054669498870812,11.169415548873687,2.202583226038826,5.92776579978149,1.8070536451854273,3.979980136641938,4.271940345896202,26.126911612401543
