param,training_score,testing_score,precision_win,precision_draw,precision_lose,recall_win,recall_draw,recall_lose,f1_win,f1_draw,f1_lose
PremierLeague_12Bet,0.9987517603379849,0.8318771003360538,0.87,0.71,0.86,0.88,0.73,0.83,0.88,0.72,0.85
LaLiga_12Bet,0.9978782501350204,0.8115958801064692,0.87,0.77,0.82,0.84,0.82,0.79,0.85,0.8,0.81
Bundesliga_12Bet,0.9985762678580196,0.8116347569955817,0.86,0.74,0.84,0.85,0.79,0.81,0.85,0.77,0.83
Serie-A_12Bet,0.9983322832894785,0.8011117287381879,0.85,0.75,0.81,0.84,0.79,0.78,0.85,0.77,0.79
Ligue1_12Bet,0.9983859397417504,0.7603227975790181,0.83,0.69,0.78,0.81,0.75,0.74,0.82,0.72,0.76
MLS_12Bet,0.9970328170434989,0.7463058572191561,0.81,0.64,0.74,0.83,0.65,0.69,0.82,0.65,0.71
PremierLeague_WilliamHill,0.998169945514287,0.7916406737367436,0.83,0.67,0.84,0.83,0.7,0.81,0.83,0.68,0.82
